{"epsilon": 0.8868671875860644, "best_reward": 62.499999999999986}